Titolo Conversazione,Data Creazione
Codex Alpha Fase 11,2025-07-18 10:19:52
Codex Alpha Fase 10,2025-07-13 17:13:18
Codex Alpha Fase 9,2025-07-08 13:31:10
Codex Alpha Fase 8,2025-07-07 19:27:52
Codex Alpha Fase 7,2025-06-24 08:31:23
Codex Alpha Fase 6,2025-07-03 13:41:31
Codex Alpha Fase 5,2025-07-01 23:16:50
Codex Alpha Fase 4,2025-06-11 21:02:37
Codex  Alpha Fase 1,2025-02-25 02:59:55
Codex Alpha Fase 5,2025-07-03 14:48:56
Codex Alpha Fase 3,2025-05-22 03:04:32
Codex Alpha Fase 2,2025-05-22 03:33:52
